feature1,feature2,xor_rmst,xor_interaction_score,string_evidence,biogrid_evidence
SPAG7,KIF2C,173.21639,164.16576,0,0
CHAC1,RAB4A,179.02096,154.2857,0,0
MEGF9,PTPN12,164.3953,153.72825,0,0
TMCO1,PTK2,198.1344,150.18349,0,0
USP22,TMCO1,176.40936,143.90181,0,0
DHDDS,FIS1,167.4378,143.50783,0,0
CISH,MAPK1IP1L,177.84875,143.42672,0,0
DTNA,IL1RAP,172.11489,141.24524,0,0
