feature1,feature2,xor_rmst,xor_interaction_score,string_evidence,biogrid_evidence
STX1A,DNM1,154.04708,124.43754,1,0
TMEM97,ZNF274,127.98006,124.21882,0,0
DNM1,MAPK13,148.92973,119.32019,0,0
YME1L1,ZNF395,122.83922,115.47118,0,0
ST3GAL5,BLCAP,119.20747,110.95612,0,0
PAFAH1B3,GSTM2,122.60835,110.57326,0,0
PPP2R3A,DDR1,130.87333,110.05316,0,0
MARK4,TMEM97,128.74721,102.45647,0,0
HMGCS1,ZC3H4,131.84035,101.20747,0,0
GMNN,BCL2,119.90645,100.69297,0,0
PAFAH1B3,ACAT2,124.77395,99.75719,0,0
