feature1,feature2,additive_rmst,additive_interaction_score,string_evidence,biogrid_evidence
TNFAIP1,SDHB,150.17923,96.81733,0,0
TBXA2R,PARL,125.04695,88.09073,0,0
MAPKAPK3,VDAC1,126.96734,81.68199,0,0
SPA17,MAPKAPK3,129.25022,81.23366,0,0
CD58,LBR,132.3891,73.26262,0,0
ETS2,MSRA,127.49309,72.9621,0,0
DHRS7,STK25,128.48478,72.75136,0,0
TSPAN6,OXCT1,138.43815,71.92725,0,0
TRAP1,TMEM50A,125.27007,71.41538,0,0
TNFAIP1,ADI1,123.74993,70.38803,0,0
CISH,HAT1,127.70892,69.90172,0,0
