feature1,feature2,additive_rmst,additive_interaction_score,string_evidence,biogrid_evidence
TATDN2,ABAT,131.76863,93.29928,0,0
POP4,BTBD3,134.52583,89.80086,0,0
LYRM1,ABAT,130.35266,87.4348,0,0
DHPS,PLS1,145.41898,83.07651,0,0
DHPS,PJA1,144.90976,82.56729,0,0
SOCS2,PTPN1,130.49676,81.90146,1,0
MEST,IPO13,131.66566,78.08176,0,0
IQGAP1,RBKS,130.21662,77.55499,0,0
GATA3,ZNF692,146.62565,76.61356,1,0
CERK,MPZL1,163.18806,75.89506,0,0
IKBKB,RPP38,153.71779,74.10223,0,0
